artist,song,genre,label,language,llm_cost,llm_tokens,producers,songwriters
Ed Sheeran,Shape Of You,"Dancehall, R&B-infused Pop",Unknown,English,0.001798,1693,"Ed Sheeran, Steve Mac","Ed Sheeran, Steve Mac, Johnny McDaid, Kandi Burruss, Tameka 'Tiny' Cottle, Kevin 'She'kspere' Briggs"
Luis Fonsi & Daddy Yankee,Despacito,"Reggaeton, Latin Pop",Universal Music Latin Entertainment,Spanish,0.001732,1646,"Mauricio Rengifo, Andrés Torres","Luis Fonsi, Erika Ender, Daddy Yankee"
Ed Sheeran,Perfect,Pop,Asylum Records,English,0.007363,7253,"Ed Sheeran, Will Hicks",Ed Sheeran
Mark Ronson & Bruno Mars,Uptown Funk,"Funk-Pop, Soul, Boogie, Disco-Pop, Minneapolis Sound",Unknown,English,0.001745,1649,"Mark Ronson, Jeff Bhasker, Philip Lawrence","Mark Ronson, Bruno Mars, Jeff Bhasker, Philip Lawrence"
Pharrell Williams,Happy,"Soul, Neo Soul","Columbia Records, a division of Sony Music",English,0.00723,7114,Pharrell Williams,Pharrell Williams
Adele,Rolling In The Deep,"Dark Blues, Gospel, Disco",Unknown,English,0.001687,1617,Unknown,"Adele, Paul Epworth"
LMFAO,Party Rock Anthem,"Electronic, Dance, Pop",Interscope Records,English,0.010257,10127,"GoonRock, Redfoo","GoonRock, Redfoo, Erin Beck"
Gotye & Kimbra,Somebody That I Used To Know,"Pop, Indie pop","Eleven Music, Universal Music",English,0.006761,6658,Gotye,Gotye
Ed Sheeran,Thinking Out Loud,"Pop, R&B",Atlantic Records,English,0.004071,3979,Jake Gosling,"Ed Sheeran, Amy Wadge"
Sia,Cheap Thrills,"Pop, Dance-pop",RCA Records,English,0.001258,1189,Greg Kurstin,"Sia, Greg Kurstin"
Lil Nas X & Billy Ray Cyrus,Old Town Road,Country Rap,"Columbia Records, Sony Music Entertainment",English,0.009924,9771,YoungKio,"Montero Hill, Trent Reznor, Atticus Ross, Kiowa Roukema, Michael Trent Reznor, Billy Ray Cyrus"
John Legend,All Of Me,"R&B, Soul",Columbia Records,English,0.007054,6943,"Dave Tozer, John Legend","John Legend, Toby Gad"
Camila Cabello & Young Thug,Havana,"Pop, R&B, Latin",Epic Records,"English, Spanish",0.004247,4039,"Frank Dukes, Matt Beckley, Kaan Gunesberk, Louis Bell","Camila Cabello, Young Thug, Ali Tamposi, Brian Lee, Andrew Watt, Pharrell Williams, Louis Bell, Kaan Gunesberk, Frank Dukes, Brittany Hazzard, Jeffery Lamar Williams, Adam Feeney, Andrew Wotman, Pharrell Williams, Louis Bell, Kaan Gunesberk, Frank Dukes, Brittany Hazzard, Jeffery Lamar Williams, Adam Feeney, Andrew Wotman"
Justin Timberlake,Can't Stop The Feeling,"Disco, Pop",Unknown,English,0.001708,1630,"Justin Timberlake, Max Martin, Shellback","Justin Timberlake, Max Martin, Shellback"
The Chainsmokers & Halsey,Closer,"Future Bass, Pop","Disruptor Records, Columbia Records",English,0.004039,3925,"The Chainsmokers, DJ Swivel","Andrew Taggart, Halsey, Shaun Frank, Freddy Kennett, Isaac Slade, Joe King"
Maroon 5 & Cardi B,Girls Like You,Pop,"222, Interscope",English,0.010341000000000001,10207,"Cirkut, Jason Evigan","Adam Levine, Starrah, Gian Stone, Cirkut, Jason Evigan"
Imagine Dragons,Radioactive,"Electronic Rock, Alternative Rock, Dubstep",Interscope Records,English,0.00167,1580,"Alex Da Kid, Imagine Dragons","Dan Reynolds, Wayne Sermon, Ben McKee, Josh Mosser, Alex Da Kid"
Avicii,Wake Me Up,"Electronic, Country","PRMD Music, Lava Records, Sony Music Entertainment's Columbia Records",English,0.010418,10271,Avicii,"Avicii, Mike Einziger, Aloe Blacc"
Carly Rae Jepsen,Call Me Maybe,"Teen Pop, Dance-Pop, Bubblegum Pop","604 Records, Schoolboy Records",English,0.016628,16451,"Josh Ramsay, Dallas Austin, Redfoo","Carly Rae Jepsen, Tavish Crowe"
Post Malone & Swae Lee,Sunflower (Spider-Man: Into The Spider-Verse),"Hip Hop, Pop",Republic Records,English,0.016107000000000003,15931,"Carter Lang, Louis Bell","Austin Post, Khalif Brown, Billy Walsh, Carl Rosen, Carter Lang, Louis Bell"
"Robin Thicke, T.I. & Pharrell Williams",Blurred Lines,"R&B, Pop","Star Trak Recordings, Interscope Records",English,0.001549,1466,Pharrell Williams,"Robin Thicke, Pharrell Williams, Clifford Harris Jr."
Justin Bieber,Love Yourself,"Pop, R&B, Soul, EDM","Def Jam Recordings, School Boy Records",English,0.001765,1651,"Skrillex, Diplo, BloodPop, Benny Blanco, the Audibles, Soundz, Mike Dean, Ian Kirkpatrick, Andre Harris, Poo Bear","Justin Bieber, Ed Sheeran, Benjamin Levin"
"Drake, WizKid & Kyla",One Dance,"Dancehall, Afrobeats",Unknown,English,0.001765,1664,"Nineteen85, Noah '40' Shebib, Wizkid","Drake, WizKid, Kyla, Nineteen85, Noah '40' Shebib, Crazy Cousinz"
Billie Eilish,Bad Guy,"Electropop, Dance-pop, Trap-pop","Darkroom, Interscope Records",English,0.004141,4033,Finneas O'Connell,"Billie Eilish, Finneas O'Connell"
Post Malone & 21 Savage,Rockstar,"Hip Hop, Trap",Republic Records,English,0.001159,1077,"Louis Bell, Tank God","Post Malone, 21 Savage, Carl Rosen, Joey Bada$$"
OneRepublic,Counting Stars,Pop rock,Interscope Records,English,0.001721,1648,"Ryan Tedder, Noel Zancanella",Ryan Tedder
Major Lazer & DJ Snake,Lean On,"EDM, Electronic, Moombahton",Mad Decent,English,0.001372,1287,"Major Lazer, DJ Snake","MØ, Diplo, DJ Snake, Tchami, Jr Blender"
Adele,Someone Like You,"Soul, Pop",XL Recordings,English,0.001686,1611,"Adele, Greg Kurstin","Adele, Dan Wilson"
Justin Bieber,Sorry,"Dancehall Pop, Tropical House, Moombahton","Def Jam Recordings, School Boy Records",English,0.001725,1630,"Skrillex, BloodPop","Justin Bieber, Julia Michaels, Justin Tranter, Skrillex, BloodPop"
Marshmello & Bastille,Happier,"Electronic, Pop",Astralwerks,English,0.00166,1579,Marshmello,"Marshmello, Dan Smith, Steve Mac"
Hozier,Take Me To Church,"Soul, Blues","Rubyworks Records, Columbia Records US, Island Records UK",English,0.001564,1489,Rob Kirwan,Hozier
Sia,Chandelier,"Electropop, R&B, Reggae",RCA Records,English,0.001318,1235,"Jesse Shatkin, Greg Kurstin","Sia, Jesse Shatkin"
The Chainsmokers & Daya,Don't Let Me Down,"EDM, Pop","Disruptor Records, Columbia Records",English,0.003405,3304,The Chainsmokers,"Andrew Taggart, Emily Warren, Scott Harris"
Lady Gaga & Bradley Cooper,Shallow,"Rock, Country, Folk-Pop",Interscope Records,English,0.013739000000000001,13579,"Lady Gaga, Benjamin Rice","Lady Gaga, Andrew Wyatt, Anthony Rossomando, Mark Ronson"
Halsey,Without Me,"Pop, R&B",Capitol Records,English,0.001791,1697,"Louis Bell, Dylan Bauld","Halsey, Brittany Amaradio, Amy Allen, Louis Bell, Justin Timberlake, Timbaland, Scott Storch"
Maroon 5 & Christina Aguilera,Moves Like Jagger,"Pop, Electropop, Disco","Interscope Records, 222 Records",English,0.003981,3876,"Benny Blanco, Shellback","Adam Levine, Ammar Malik, Benny Blanco, Shellback"
OMI,Cheerleader,"Reggae, Dancehall","Ultra Music, a part of Sony Music",English,0.001237,1145,"OMI, Clifton Dillon, Mark Bradford, Ryan Dillon","OMI, Clifton Dillon, Mark Bradford, Ryan Dillon"
Panic! At the Disco,High Hopes,"Pop, Rock","Fueled by Ramen, DCD2 Records",English,0.001848,1732,"Jake Sinclair, Jonas Jeberg, Jonny Coffer","Brendon Urie, Jenny Owen Youngs, Lauren Pritchard, Sam Hollander, William Lobban-Bean, Taylor Parks, Ilsey Juber"
Meghan Trainor,All About That Bass,"Bubblegum Pop, Doo-Wop, Hip Hop",Epic Records,English,0.001727,1647,Kevin Kadish,"Meghan Trainor, Kevin Kadish"
Sam Smith,Stay With Me,"Gospel, Soul",Capitol Records UK,English,0.001725,1652,Unknown,"Sam Smith, James Napier, William Phillips"
Wiz Khalifa & Charlie Puth,See You Again,"Hip hop, Pop",Atlantic Records,English,0.001707,1626,"DJ Frank E, Charlie Puth","Andrew Cedar, Justin Franks, Charlie Puth, Wiz Khalifa"
Rihanna & Calvin Harris,We Found Love,"Electro House, Dance-Pop, Techno, Europop","Def Jam, SRP",English,0.00169,1610,Calvin Harris,"Calvin Harris, N/A"
Drake,God's Plan,"Pop, Pop-Rap, Trap","Young Money, Cash Money",English,0.001747,1655,"Cardo, Yung Exclusive, Boi-1da, Noah '40' Shebib","Drake, Brock Korsan"
Macklemore & Ryan Lewis,Thrift Shop,Hip Hop,"Independent record label with distribution by the Alternative Distribution Alliance (ADA), a Warner Music Group company",English,0.001429,1320,Macklemore & Ryan Lewis,"Ben Haggerty, Ryan Lewis, Wanz, Bel Biv DeVoe, Michael L. Iii, Ricky M. L. Walters"
Twenty One Pilots,Stressed Out,"Alternative Hip Hop, Alternative Rock, Rap Rock",Fueled by Ramen,English,0.044729000000000005,44482,Mike Elizondo,Tyler Joseph
Taylor Swift,Shake It Off,Dance-pop,Big Machine Records,English,0.001666,1599,"Max Martin, Shellback",Taylor Swift
Katy Perry,Dark Horse,"Trap, Hip Hop, Pop-Rap, Electropop",Capitol Records,English,0.001768,1664,"Max Martin, Cirkut, Dr. Luke","Katy Perry, Juicy J, Max Martin, Cirkut, Dr. Luke, Sarah Hudson"
Passenger,Let Her Go,Indie folk,"Nettwerk, Black Crow",English,0.00129,1213,"Mike Rosenberg (Passenger), Chris Vallejo",Mike Rosenberg (Passenger)
"Pitbull, Ne-Yo, Afrojack & Nayer",Give Me Everything,Club-Pop,"Polo Grounds Music, Mr. 305 Entertainment, J Records",English,0.007562,7446,Afrojack,"Pitbull, Ne-Yo, Afrojack"
Imagine Dragons,Thunder,"Pop, Rock","Interscope Records, Kidinakorner",English,0.001693,1592,"Alex Da Kid, Jayson DeZuzio","Dan Reynolds, Wayne Sermon, Ben McKee, Daniel Platzman, Alex Da Kid, Jayson DeZuzio"
The Weeknd,The Hills,"R&B, Alternative R&B",Republic Records,English,0.001736,1649,"Mano, Illangelo","Abel Tesfaye, Ahmad Balshe, Emmanuel Nickerson, Carlo Montagnese"
Ava Max,Sweet But Psycho,"Pop, Dance-pop, Electropop, Synth-pop",Atlantic Records,English,0.001755,1673,Cirkut,"Ava Max, Madison Love, Tix, Cook Classics"
Post Malone,Better Now,"Hip Hop, Pop, R&B, Trap",Republic Records,English,0.001736,1653,"Louis Bell, Frank Dukes","Post Malone, Billy Walsh, Louis Bell, Frank Dukes"
"Cardi B, Bad Bunny & J Balvin",I Like It,"Latin Trap, Hip Hop",Atlantic Records,"Spanish, English",0.001812,1709,"J. White Did It, Tainy, Craig Kallman, Invincible","Cardi B, Bad Bunny, J Balvin, Pardison Fontaine, Klenord Raphael"
The Chainsmokers & Coldplay,Something Just Like This,"EDM, Pop","Disruptor, Columbia",English,0.001412,1327,The Chainsmokers,"Andrew Taggart, Chris Martin, Guy Berryman, Jonny Buckland, Will Champion"
French Montana & Swae Lee,Unforgettable,"Hip hop, Pop","Epic Records, Bad Boy Records",English,0.001564,1454,"Jaegen, 1Mind, C.P Dubb","Karim Kharbouch, Khalif Brown, Ayodeji Balogun, Abubakar Akintoye, Rayshawn Bennett"
Shawn Mendes,Stitches,"Pop, Pop Rock","Island Records, Republic Records",English,0.007488,7349,"Teddy Geiger, Danny Parker, Daylight, and John Hill","Shawn Mendes, Teddy Geiger, Daniel Parker, and Daylight"
Travi$ Scott,Sicko Mode,"Hip-Hop, Trap",Epic Records,English,0.001962,1762,"Travis Scott, Hit-Boy, OZ, Cubeatz, Rogét Chahayed, Tay Keith","Jacques Webster II, Aubrey Graham, Khalif Brown, Ozan Yildirim, Amir Esmailian, John Edward Hawkins, Chauncey Hollis, Cydel Young, Mirsad Dervic, Adam Feeney, Brytavious Lakeith Chambers, Brytavious Lakeith Chambers, John Edward Hawkins, Michael Dean, Christopher Wallace, O'Kelly Isley, Ronald Isley, Rudolph Isley, Ernie Isley, Marvin Isley, Chris Jasper, Luther Campbell, Harry Wayne Casey, Richard Finch"
Daft Punk & Pharrell Williams,Get Lucky,"Disco, Funk, Pop",Columbia Records,English,0.015313000000000002,15148,Daft Punk,"Thomas Bangalter, Guy-Manuel de Homem-Christo, Pharrell Williams, Nile Rodgers"
Lewis Capaldi,Someone You Loved,"Pop, Rock",Vertigo Records,English,0.001552,1473,"Thomas Barnes, Peter Kelleher, Benjamin Kohn","Lewis Capaldi, Samuel Romans"
Adele,Hello,"Soul, Pop",XL Recordings,English,0.001684,1610,Greg Kurstin,"Adele, Greg Kurstin"
"Benny Blanco, Halsey & Khalid",Eastside,Pop,Interscope Records,English,0.001772,1693,Benny Blanco,"Benny Blanco, Halsey, Khalid"
Mariah Carey,All I Want For Christmas Is You,"Christmas, Pop, R&B",Columbia Records,English,0.001412,1325,"Mariah Carey, Walter Afanasieff","Mariah Carey, Walter Afanasieff"
Macklemore & Ryan Lewis,Can't Hold Us,"Hip Hop, Pop",Macklemore LLC,English,0.003594,3496,Ryan Lewis,"Benjamin Hammond Haggerty, Ryan Lewis, Ray Dalton"
Psy,Gangnam Style,K-pop,YG Entertainment,Korean,0.001752,1691,Unknown,Unknown
Rihanna,Diamonds,"Pop, Electronic, R&B",Def Jam Recordings,English,0.001687,1615,"Benny Blanco, Stargate",Sia
Justin Bieber,What Do You Mean?,Pop,Def Jam,English,0.001247,1176,"MdL, Justin Bieber","Justin Bieber, Jason Boyd, Mason Levy"
The Lumineers,Ho Hey,"Folk Rock, Americana",Dualtone Records (Dine Alone in Canada and Decca/Universal worldwide),English,0.001363,1281,Unknown,"Wesley Schultz, Jeremiah Fraites"
Lukas Graham,Seven Years,"Soul, Pop","Copenhagen Records, Warner Bros. Records",English,0.001494,1378,"Stefan Forrest, Morten Ristorp, Morten 'Pilo' Pilegaard","Lukas Forchhammer, Stefan Forrest, Morten Ristorp, Morten 'Pilo' Pilegaard"
The Weeknd & Daft Punk,Starboy,"R&B, Electropop","XO, Republic Records",English,0.001531,1407,"The Weeknd, Daft Punk, Doc McKinney, Henry 'Cirkut' Walter, Jason 'DaHeala' Quenneville","The Weeknd, Daft Punk, Doc McKinney, Henry 'Cirkut' Walter, Jason 'DaHeala' Quenneville"
LMFAO,Sexy And I Know It,"Electro house, Dance-pop",Interscope Records,English,0.001618,1525,"Party Rock, GoonRock","Stefan Kendal Gordy, GoonRock, Erin Beck, George M. Robertson, Kenneth Oliver"
Bruno Mars,Just The Way You Are (Amazing),Pop,Atlantic Records,English,0.00142,1334,"The Smeezingtons, Needlz","Bruno Mars, Philip Lawrence, Ari Levine, Khalil Walton, Needlz"
The Weeknd,Can't Feel My Face,"Pop, Disco, Funk",Republic Records,English,0.001729,1638,"Max Martin, Ali Payami","Max Martin, Peter Svensson, Ali Payami, Savan Kotecha, The Weeknd"
Dua Lipa,New Rules,"Dance-pop, Electropop, Tropical house",Warner Bros. Records,English,0.001713,1627,Ian Kirkpatrick,"Caroline Ailin, Emily Warren, Ian Kirkpatrick"
Adele,Set Fire To The Rain,Pop,XL Recordings,English,0.001745,1673,Fraser T. Smith,"Adele, Fraser T. Smith"
Pitbull & Ke$ha,Timber,"Pop, Dance-pop, Hip hop",RCA Records,English,0.001863,1719,"Dr. Luke, Cirkut, Sermstyle, Nick Seeley","Armando C. Perez, Kesha Sebert, Lukasz Gottwald, Henry Walter, Jamie Sanderson, Priscilla Hamilton, Breyan Isaac, Keri Oskar, Lee Oskar, Greg Errico, Jim Jonsin, Danny Mercer, Aaron Davis, Pebe Sebert"
DJ Snake & Justin Bieber,Let Me Love You,"Electronic, R&B",Interscope Records,English,0.003537,3428,"DJ Snake, Louis Bell, Andrew Watt","DJ Snake, Justin Bieber, Andrew Watt, Ali Tamposi, Brian Lee, Louis Bell"
David Guetta & Sia,Titanium,"Pop, House, Urban-Dance","Parlophone, Virgin Records",English,0.001465,1368,"David Guetta, Giorgio Tuinfort, Afrojack","Sia, David Guetta, Giorgio Tuinfort, Afrojack"
Shawn Mendes & Camila Cabello,Senorita,"Pop, R&B","Island, Epic Records",English,0.012057000000000002,11886,"Andrew Watt, Benny Blanco, Cashmere Cat","Shawn Mendes, Camila Cabello, Charli XCX, Ali Tamposi, Jack Patterson"
"Portugal, The Man",Feel It Still,"Rock, Pop",Atlantic Records,English,0.001496,1411,"John Hill, Asa Taccone","John Baldwin Gourley, Zach Carothers, John Hill, Asa Taccone, Brian Holland"
Twenty One Pilots,Heathens,"Alternative Rock, Electropop",Atlantic Records,English,0.001639,1565,"Tyler Joseph, Mike Elizondo",Tyler Joseph
Ellie Goulding,Love Me Like You Do,"Electropop, Power Ballad",Universal Studios,English,0.001733,1640,"Max Martin, Ali Payami","Savan Kotecha, Ilya Salmanzadeh, Tove Lo, Max Martin, Ali Payami"
Post Malone,Wow.,"Hip Hop, Trap",Republic Records,English,0.00111,1030,"Louis Bell, Frank Dukes","Post Malone, Billy Walsh, Anthoine Walters, Carl Rosen"
Imagine Dragons,Believer,"Pop, Rock","Interscope Records, Kidinakorner",English,0.001761,1669,Mattman & Robin,"Dan Reynolds, Wayne Sermon, Ben McKee, Daniel Platzman, Justin Tranter"
Fun. & Janelle Monae,We Are Young,"Indie Pop, Alternative Rock",Fueled by Ramen,English,0.001605,1514,"Jeff Bhasker, Emile Haynie","Nate Ruess, Andrew Dost, Jack Antonoff, Jeff Bhasker"
Mike Posner,I Took A Pill In Ibiza,"EDM, Pop",Island Records,English,0.001748,1675,"Mike Posner, SeeB",Mike Posner
Walk the Moon,Shut Up & Dance,"Pop, Rock",RCA Records,English,0.001166,1080,Unknown,"Nicholas Petricca, Kevin Ray, Sean Waugaman, Eli Maiman, Ben Berger, Ryan McMahon"
Juice WRLD,Lucid Dreams (Forget Me),"Emo rap, SoundCloud rap","Grade A Productions, Interscope Records",English,0.001695,1608,Nick Mira,"Jarad Higgins, Danny Snodgrass, Nick Mira"
Jennifer Lopez & Pitbull,On The Floor,"Pop, Dance-pop, Techno, Latin, House",Island Records,English,0.001763,1654,RedOne,"Kinnda 'Kee' Hamid, AJ Junior, Teddy Sky, Bilal 'The Chef' Hajji, Pitbull, Gonzalo Hermosa, Ulises Hermosa"
Bruno Mars,That's What I Like,"Hip Hop Soul, New Jack Swing, R&B, Funk",Atlantic Records,English,0.001797,1682,"Shampoo Press & Curl, Stereotypes","Bruno Mars, Philip Lawrence, Christopher Brody Brown, James Fauntleroy, Johnathan Yip, Ray Romulus, Jeremy Reeves, Ray McCullough II"
Bruno Mars,Locked Out Of Heaven,"Reggae Rock, Pop Rock",Atlantic Records,English,0.003937,3829,"The Smeezingtons, Mark Ronson, Jeff Bhasker, Emile Haynie","Bruno Mars, Philip Lawrence, Ari Levine"
Bastille,Pompeii,"Indie Pop, Synth-pop",Virgin Records,English,0.001722,1649,"Mark Crew, Dan Smith",Dan Smith
James Arthur,Say You Won't Let Go,Pop,Columbia Records,English,0.003532,3445,Unknown,"James Arthur, Neil Ormandy, Steve Solomon"
Ariana Grande,7 Rings,"Pop, R&B",Republic Records,English,0.001728,1640,"Tommy Brown, Charles Anderson, Michael Foster","Ariana Grande, Victoria Monét, Tayla Parx, Njomza, Kaydence"
Clean Bandit & Jess Glynne,Rather Be,"Electronic, Dance",Warner Music Group,English,0.001561,1476,"Jack Patterson, Grace Chatto","Jack Patterson, Grace Chatto, Jimmy Napes, Nicole Marshall"
Katy Perry,Roar,"Power Pop, Arena Rock",Capitol Records,English,0.001328,1248,"Dr. Luke, Max Martin, Cirkut","Katy Perry, Bonnie McKee"
Ed Sheeran & Justin Bieber,I Don't Care,"Pop, Dancehall","Asylum, Atlantic Records, Def Jam Recordings",English,0.001385,1288,"Ed Sheeran, Fred Gibson, Shellback, Max Martin","Ed Sheeran, Justin Bieber, Fred Gibson, Shellback, Max Martin"
Rihanna & Calvin Harris,This Is What You Came For,"Electropop, Dance-pop","Columbia Records, Westbury Road",English,0.001681,1599,"Calvin Harris, Kuk Harrell","Taylor Swift, Calvin Harris"
Rihanna & Drake,Work,"Dancehall, Reggae-Pop, R&B","Westbury Road, Roc Nation","Jamaican Patois, Bajan Creole",0.001826,1698,"Matthew 'Boi-1da' Samuels, Kuk Harrell, Noah '40' Shebib","Rihanna, Drake, PartyNextDoor, Monte Moir, Rupert 'Sevn' Thomas, Allen Ritter"
Bruno Mars,Grenade,"Pop, Power Pop",Elektra Records,English,0.004003,3881,"The Smeezingtons (Bruno Mars, Phillip Lawrence, Ari Levine), additional production by Brody Brown","Bruno Mars, Phillip Lawrence, Ari Levine, Brody Brown, Claude Kelly, Andrew Wyatt"
Lorde,Royals,"Art Pop, Electropop, Hip Hop, R&B, Indie Pop",Universal Music Group,English,0.00148,1399,Joel Little,"Lorde, Joel Little"
Fetty Wap,Trap Queen,"Hip hop, R&B","300 Entertainment, Atlantic Records",English,0.00159,1513,Tony Fadd,"Willie Maxwell II, Tony Fadd"
Bebe Rexha & Florida Georgia Line,Meant To Be,"Country, Pop",Warner Bros. Records,English,0.014662999999999999,14483,"Willshire, David Garcia","Bebe Rexha, Tyler Hubbard, Josh Miller, David Garcia"
Jonas Brothers,Sucker,Pop,Republic Records,English,0.001523,1444,"Ryan Tedder, Frank Dukes","Ryan Tedder, Louis Bell, Mustafa Ahmed, Homer Steinweiss"
Katy Perry,Firework,Dance-pop,Capitol Records,English,0.001701,1627,"Stargate, Sandy Vee","Katy Perry, Ester Dean"
Taio Cruz,Dynamite,"Pop, Dance-pop, Electropop","Island, 4th & B'way, Mercury",English,0.00158,1477,"Benny Blanco, Dr. Luke","Taio Cruz, Max Martin, Bonnie McKee, Benny Blanco, Dr. Luke"
Rihanna & Eminem,Love The Way You Lie,"Hip-Hop, Pop",Interscope Records,English,0.001594,1516,Alex da Kid,"Skylar Grey, Eminem, Alex da Kid"
P!nk & Nate Ruess,Just Give Me A Reason,Pop,RCA Records,English,0.010169,10043,Jeff Bhasker,"Pink, Nate Ruess, Jeff Bhasker"
Ed Sheeran,Photograph,"Pop, Acoustic",Asylum Records,English,0.001717,1642,Jeff Bhasker,"Ed Sheeran, Johnny McDaid"
"Clean Bandit, Sean Paul & Anne-Marie",Rockabye,"Dancehall, Pop",Atlantic Records,English,0.001416,1338,"Jack Patterson, Mark Ralph","Ammar Malik, Ina Wroldsen, Steve Mac"
will.i.am & Britney Spears,Scream & Shout,"Dance Pop, Club",Interscope Records,English,0.001571,1481,"Jef Martens (Lazy Jay), will.i.am","will.i.am, Jef Martens, Tulisa, Jean Baptiste"
Maroon 5,Sugar,"Disco, Funk-Pop, Soul","Interscope Records, 222 Records",English,0.003585,3471,"Ammo, Cirkut","Mike Posner, Adam Levine, Dr. Luke, Jacob Kasher Hindlin"
Charlie Puth,Attention,"Pop, Funk, Soft-Soul",Atlantic Records,English,0.001558,1482,Charlie Puth,"Charlie Puth, Jacob Kasher"
5 Seconds of Summer,Youngblood,"Pop, Pop rock",Capitol Records,English,0.001724,1635,"Andrew Watt, Louis Bell","Calum Hood, Ali Tamposi, Andrew Watt, Ashton Irwin, Luke Hemmings"
Drake,Hotline Bling,"R&B, Pop, Dancehall","Cash Money Records, Republic Records, Young Money Entertainment",English,0.006153,6005,"40, Nineteen85, Maneesh Bidaye, Kanye West, Jordan Ullman","Aubrey Graham, Paul Jefferies, Maneesh Bidaye, Kanye West, Jordan Ullman"
Imagine Dragons,Demons,"Pop, Rock",Interscope Records,English,0.001701,1619,Alex da Kid,"Alex da Kid, Ben McKee, Dan Reynolds, Wayne Sermon, Josh Mosser"
Rihanna,Only Girl (In The World),"Dance-pop, Eurodance","Def Jam Recordings, SRP Records",English,0.001729,1649,"Stargate, Sandy Vee",Crystal Johnson
Desiigner,Panda,Hip hop,GOOD Music,English,0.001583,1519,Menace,Desiigner
Magic!,Rude,"Reggae, Reggae fusion",Sony Music Entertainment,English,0.001573,1478,"Adam Messinger, Nasri Atweh","Adam Messinger, Nasri Atweh, Mark Pellizzer, Ben Spivak, Alex Tanas"
Mr Probz,Waves,"Pop, R&B",Left Lane Productions,English,0.001204,1127,"Mr. Probz, Robin Schulz",Mr. Probz
Jason Derulo,Want To Want Me,"Pop, R&B",Warner Music Group,English,0.004087,3989,Ian Kirkpatrick,"Jason Derulo, Sam Martin, Lindy Robbins, Mitch Allan"
Bruno Mars,24K Magic,"Funk, Disco, Contemporary R&B",Atlantic Records,English,0.001702,1618,"Shampoo Press & Curl, The Stereotypes","Bruno Mars, Philip Lawrence, Christopher Brody Brown"
Sam Smith & Normani,Dancing With A Stranger,"Pop, R&B",Capitol Records,English,0.001246,1172,"Stargate, Jimmy Napes","Sam Smith, Normani"
Ke$ha,Tik-Toc,Unknown,Unknown,Unknown,0.001038,977,Unknown,Unknown
Flo-Rida,Good Feeling,"Hip Hop, Dance-Pop",Atlantic Records,English,0.001809,1701,"Dr. Luke, Cirkut","Flo Rida, Dr. Luke, Cirkut, Breyan Isaac, Arash Pournouri, Avicii, Etta James, Leroy Kirkland, Pearl Woods"
Post Malone & Ty Dolla $ign,Psycho,"Hip Hop, R&B, Trap",Republic Records,English,0.00154,1458,"Louis Bell, Post Malone","Post Malone, Ty Dolla $ign, Louis Bell"
DNCE,Cake By The Ocean,"Pop, R&B, Dance, Disco-Funk",Republic Records,English,0.001556,1470,Mattman & Robin,"Joe Jonas, Justin Tranter, Mattias Larsson, Robin Fredriksson"
"Major Lazer, Justin Bieber & MO",Cold Water,"Electronic, Dance",Mad Decent,English,0.00132,1227,Major Lazer,"Thomas Pentz, Justin Bieber, Karen Marie Ørsted, Jamie Scott, Philip Meckseper, Benjamin Levin, Henry Allen, Ed Sheeran"
Shawn Mendes,Treat You Better,Pop,Island Records,English,0.001403,1323,"Teddy Geiger, Dan Romer, Daylight","Shawn Mendes, Teddy Geiger, Scott Harris"
Calvin Harris & Dua Lipa,One Kiss,"Dance-pop, Diva house, Tropical house","Columbia Records, Sony Music",English,0.001425,1341,Calvin Harris,"Calvin Harris, Dua Lipa, Jessie Reyez"
Fifth Harmony & Ty Dolla $ign,Work From Home,"R&B, Trap, Tropical House",Epic Records,English,0.003614,3499,"Ammo, DallasK","Daniel Bedingfield, Jude Demorest, Eskeerdo, Brian Lee, Ty Dolla $ign, Ammo, DallasK"
Khalid,Talk,"R&B, Electronic","Right Hand Music Group, RCA Records",English,0.001338,1266,Disclosure,Khalid
"Zedd, Maren Morris & Grey",The Middle,"Pop, Dance",Interscope Records,English,0.001702,1608,"Zedd, Grey, The Monsters and the Strangerz","Sarah Aarons, Zedd, Grey, The Monsters and the Strangerz"
Justin Timberlake,Mirrors,"Progressive Soul, R&B",RCA Records,English,0.001791,1681,"Justin Timberlake, Timothy 'Timbaland' Mosley, Jerome 'J-Roc' Harmon","Justin Timberlake, Timothy 'Timbaland' Mosley, Jerome 'J-Roc' Harmon, James Fauntleroy"
Rihanna & Mikky Ekko,Stay,"Pop, R&B","Def Jam Recordings, SRP Records",English,0.015919,15746,"Mikky Ekko, Justin Parker","Mikky Ekko, Justin Parker"
Shakira & Freshly Ground,Waka Waka (This Time For Africa),"Pop, World",Epic Records,"English, Spanish",0.001651,1575,John Hill,"Shakira, John Hill"
Skrillex & Diplo,Where Are U Now,"Electronic Dance Music, Dancehall","Owsla, Mad Decent",English,0.001382,1299,"Skrillex, Diplo","Justin Bieber, Skrillex, Diplo"
Ariana Grande,"Thank U, Next","Pop, R&B",Republic Records,English,0.00167,1588,"Tommy Brown, Charles Anderson, Michael Foster","Ariana Grande, Tayla Parx, Victoria Monét"
Taylor Swift,Blank Space,Electropop,"Big Machine, Republic Records",English,0.001297,1224,"Max Martin, Shellback","Taylor Swift, Max Martin, Shellback"
Tove Lo & Hippie Sabotage,Habits (Stay High),"Pop, Electropop","Universal Music, Island, Polydor",English,0.004082,3964,"Ludvig Söderberg, Jakob Jerlström","Tove Lo, Ludvig Söderberg, Jakob Jerlström"
Shawn Mendes,There's Nothing Holdin' Me Back,"Pop, Rock, Blues, R&B",Island Records,English,0.004155,4044,"Teddy Geiger, Andrew Maury","Shawn Mendes, Teddy Geiger, Geoff Warburton, Scott Harris"
Ed Sheeran,Castle On The Hill,Pop,Unknown,English,0.001511,1441,"Ed Sheeran, Benny Blanco","Ed Sheeran, Benny Blanco"
Jason Derulo & 2 Chainz,Talk Dirty,"Pop, R&B, Hip-Hop",Warner Records,English,0.001794,1685,Ricky Reed,"Jason Derulo, 2 Chainz, Jason Evigan, Sean Douglas, Ori Kaplan, Tamir Muskat, Tomer Yosef, Ricky Reed"
The Weeknd,Earned It (Fifty Shades Of Grey),"R&B, Soul",Republic Records,English,0.001739,1623,"Stephan Moccio, Jason 'DaHeala' Quenneville, Abel Tesfaye, Ahmad Balshe","Stephan Moccio, Jason 'DaHeala' Quenneville, Abel Tesfaye, Ahmad Balshe"
Train,"Hey, Soul Sister","Pop, Rock",Columbia Records,English,0.001523,1444,Unknown,"Pat Monahan, Amund Bjørklund, Espen Lind"
Maroon 5,One More Night,Reggae-influenced pop,Unknown,English,0.001457,1374,"Shellback, Max Martin","Adam Levine, Shellback, Max Martin, Savan Kotecha"
Fun.,Some Nights,"Alternative Rock, Power Pop, Progressive Pop",Fueled by Ramen,English,0.001518,1430,Jeff Bhasker,"Jeff Bhasker, Nate Ruess, Andrew Dost, Jack Antonoff"
Kygo & Selena Gomez,It Ain't Me,"EDM, Dance-pop, Electropop, Tropical house","Interscope Records, Sony, Ultra",English,0.001314,1215,"Kygo, Andrew Watt, Louis Bell","Kygo, Selena Gomez, Brian Lee, Ali Tamposi, Andrew Watt"
Katy Perry & Snoop Dogg,California Gurls,"Disco, Pop",Capitol Records,English,0.001742,1651,"Dr. Luke, Max Martin, Benny Blanco","Katy Perry, Snoop Dogg, Bonnie McKee, Dr. Luke, Max Martin, Benny Blanco"
Foster the People,Pumped Up Kicks,Indie Pop,"Startime International, Columbia Records",English,0.009823,9695,Mark Foster,Mark Foster
Lady GaGa,Bad Romance,"Electropop, Dance-pop",Interscope Records,English,0.001635,1561,"Lady Gaga, RedOne","Lady Gaga, RedOne"
Maroon 5 & Wiz Khalifa,Payphone,Pop,Unknown,English,0.001746,1666,"Benny Blanco, Shellback, Robopop","Adam Levine, Wiz Khalifa, Ammar Malik"
Khalid & Normani,Love Lies,"R&B, Pop",RCA Records,English,0.001783,1690,"Charlie Handsome, Digi","Khalid, Normani, Tayla Parx, Jamil Chammas, Ryan Vojtesak"
Lizzo,Truth Hurts,"Trap, Hip Hop, Pop","Nice Life Recording Company, Atlantic Records",English,0.001716,1632,"Steven 'Tele' Cheung, Ricky Reed","Lizzo, Jesse Saint John"
Sam Smith,I'm Not The Only One,"Soul, Ballad",Capitol Records,English,0.001251,1170,"Jimmy Napes, Steve Fitzmaurice","Sam Smith, Jimmy Napes"
Miley Cyrus,Wrecking Ball,Pop,RCA Records,English,0.001763,1670,"Dr. Luke, Cirkut","Mozella, Stephan Moccio, Sacha Skarbek, Dr. Luke, Cirkut, David Kim"
Iggy Azalea & Charli XCX,Fancy,"Electro-hop, Electropop, Pop rap",Def Jam Recordings,English,0.015648000000000002,15476,"The Invisible Men, The Arcade","Iggy Azalea, Charli XCX"
Kendrick Lamar,Humble,Hip Hop,"Top Dawg Entertainment, Aftermath Entertainment, Interscope Records",English,0.001395,1302,"Mike Will Made It, Pluss","Kendrick Lamar, Mike Will Made It, Pluss"
Marshmello & Anne-Marie,Friends,Pop,Asylum Records,English,0.00174,1662,Marshmello,"Marshmello, Anne-Marie, Nat Dunn"
Rihanna & Eminem,The Monster,Unknown,Unknown,Unknown,0.00155,1494,Unknown,Unknown
Cee-Lo Green,F**k You/Forget You,"Soul, R&B",Unknown,English,0.000812,736,Unknown,"Thomas Callaway, Bruno Mars, Philip Lawrence, Ari Levine"
Nico & Vinz,Am I Wrong,Pop,Warner Music,English,0.001281,1194,William Wiik Larsen,"Nico Sereba, Vincent Dery, Abdoulie Jallow, William Wiik Larsen"
The Black Eyed Peas,I Gotta Feeling,"Pop, Dance-pop, Electropop",Interscope Records,English,0.001772,1675,"David Guetta, Frédéric Riesterer","will.i.am, apl.de.ap, Taboo, David Guetta, Frédéric Riesterer"
G-Eazy & Bebe Rexha,"Me, Myself & I","Hip-Hop, Pop",RCA Records,English,0.003682,3559,"Bebe Rexha, TMS, Michael Keenan, Christoph Andersson, G-Eazy","G-Eazy, Bebe Rexha, Lauren Christy"
Drake,In My Feelings,"Hip Hop, Trap",Young Money Entertainment,English,0.002009,1782,"TrapMoneyBenny, BlaqNmilD","Aubrey Graham, Benjamin Workman, N. R. Malik, D. Wilson, J. Jackson, B. Hazzard, A. Hernandez, C. Martin, D. Moore, O. Harvey, P. Smith, R. Martinez, T. Lee, J. Johnson, A. Smith, D. Jones, D. Carter, J. Preyan, M. Samuels, N. Shebib, A. Feeney, A. Graham, A. Hernandez, B. Workman, D. Wilson, D. Moore, J. Jackson, J. Preyan, M. Samuels, N. Shebib, N. R. Malik, O. Harvey, P. Smith, R. Martinez, T. Lee"
Kungs & Cookin' On 3 Burners,This Girl,"Funk, Dance",House of Barclay,English,0.001213,1115,"Kungs, Cookin' On 3 Burners","Ivan Khatchoyan, Jake Mason, Lance Ferguson"
David Guetta & Usher,Without You,"Dance-pop, house","EMI, Virgin",English,0.001559,1466,David Guetta,"David Guetta, Taio Cruz, Usher, Giorgio Tuinfort, Frédéric Riesterer"
Nicki Minaj,Starships,"Eurodance, Europop, Euro house","Young Money, Cash Money, Universal Republic",English,0.001825,1714,"RedOne, Rami Yacoub, Carl Falk","Nicki Minaj, Nadir Khayat, Carl Falk, Rami Yacoub, Bilal Hajji, Wayne Hector"
"Jessie J, Nicki Minaj & Ariana Grande",Bang Bang,Pop,"Republic Records, Lava Records",English,0.001815,1699,"Max Martin, Rickard Göransson, Ilya","Max Martin, Savan Kotecha, Rickard Göransson, Ariana Grande, Nicki Minaj"
Avicii,"Hey, Brother","Dance, Electronic, Bluegrass",Universal Music,English,0.001404,1317,Avicii,"Avicii, Ash Pournouri, Salem Al Fakir, Vincent Pontare, Veronica Maggio"
The Weeknd & Daft Punk,I Feel It Coming,"R&B, Funk, Disco, Pop","XO, Republic Records",English,0.004014,3894,"Daft Punk, The Weeknd, Doc McKinney, Cirkut","The Weeknd, Daft Punk, Doc McKinney, Cirkut, Eric Chedeville"
Vance Joy,Riptide,"Indie pop, Indie folk",Atlantic Records,English,0.001387,1314,"Vance Joy, Edwin White",Vance Joy
XXXTentacion,Sad!,"Emo, Trap, SoundCloud Rap","Bad Vibes Forever, Caroline Distribution, Capitol Music Group",English,0.003773,3671,John Cunningham,"XXXTentacion, John Cunningham"
Rag'n'Bone Man,Human,"Soul, Blues","Sony Music, Columbia Records",English,0.001524,1452,Two Inch Punch,Jamie Hartman
Taylor Swift,I Knew You Were Trouble,"Dance-pop, Pop rock, Teen pop","Big Machine Records, Republic Records",English,0.003808,3704,"Max Martin, Shellback","Taylor Swift, Max Martin, Shellback"
Post Malone & Quavo,Congratulations,"Hip Hop, Trap",Republic Records,English,0.001769,1689,"Metro Boomin, Frank Dukes, Louis Bell","Post Malone, Quavo, Carl Rosen"
Drake,Nice For What,"Hip Hop, R&B, Pop","Young Money Entertainment, Cash Money Records",English,0.014515000000000002,14308,"Murda Beatz, Noah '40' Shebib, Corey Litwin, Blaqnmild","Drake, Murda Beatz, Noah '40' Shebib, Corey Litwin, Blaqnmild, Lauryn Hill, Wu-Tang Clan, Marvin Hamlisch, Alan Bergman, Marilyn Bergman"
Alex Clare,Too Close,"Soul, Dubstep, Electronic",Island Records,English,0.001263,1171,"Major Lazer (Diplo and Switch), Ariel Rechtshaid, Mike Spencer","Alex Clare, Jim Duguid"
Flo-Rida,Whistle,Electropop,Atlantic Records,English,0.001771,1679,"DJ Frank E, David Glass","Flo Rida, David Glass, Marcus Killian, Justin Franks, Breyan Isaac, Antonio Mobley"
Bruno Mars,When I Was Your Man,Pop,Atlantic Records,English,0.001744,1655,"The Smeezingtons (Bruno Mars, Philip Lawrence, Ari Levine)","Bruno Mars, Philip Lawrence, Ari Levine, Andrew Wyatt"
Ellie Goulding,Burn,Pop,Polydor Records,English,0.004043,3937,"Greg Kurstin, Ryan Tedder","Ryan Tedder, Ellie Goulding, Greg Kurstin, Noel Zancanella, Brent Kutzle"
Capital Cities,Safe And Sound,Indie Pop,Capitol Records,English,0.001288,1213,"Ryan Merchant, Sebu Simonian","Ryan Merchant, Sebu Simonian"
Coldplay,Paradise,"Pop, Rock","Parlophone, Capitol",English,0.007037,6901,"Markus Dravs, Daniel Green, Rik Simpson, Brian Eno","Guy Berryman, Jonny Buckland, Will Champion, Chris Martin"
Zayn & Taylor Swift,I Don't Wanna Live Forever (Fifty Shades Darker),"Electro-R&B, Electropop",Republic Records,English,0.001733,1648,Jack Antonoff,"Taylor Swift, Sam Dew, Jack Antonoff"
Martin Garrix,Animals,Big Room House,Spinnin' Records,Instrumental,0.00142,1351,Martin Garrix,Unknown
Usher & Pitbull,DJ Got Us Fallin' In Love,"Electronic Dance, Europop","LaFace Records, Jive Records",English,0.00174,1654,"Shellback, Max Martin","Usher, Pitbull, Savan Kotecha"
AWOLNATION,Sail,Rock,Red Bull Records,English,0.001208,1140,"Aaron Bruno, Kenny Carkeet",Aaron Bruno
Flo-Rida & Sia,The Wild Ones,"Dance-pop, House, Electro house","Poe Boy, Atlantic",English,0.003632,3508,"soFLY & Nius, Axwell","Flo Rida, Sia, Jacob Luttrell, Marcus Cooper, Niklaas Vogel-Kern"
Alan Walker,Faded,"Electro house, EDM",MER Musikk,English,0.001345,1257,Alan Walker,"Alan Walker, Jesper Borgen, Anders Frøen, Gunnar Greve, Mood Melodies"
"DJ Khaled, Rihanna & Bryson Tiller",Wild Thoughts,"Pop, Latin","We the Best, Epic Records",English,0.001397,1326,DJ Khaled,"DJ Khaled, PartyNextDoor"
Ariana Grande,No Tears Left To Cry,"Dance-pop, UK garage, disco, R&B",Republic Records,English,0.001672,1585,"Max Martin, Ilya Salmanzadeh","Ariana Grande, Savan Kotecha"
Calvin Harris,Summer,"Dance, EDM, Pop",Sony Music,English,0.001074,1003,Calvin Harris,Calvin Harris
One Direction,What Makes You Beautiful,Pop,Syco Records,English,0.001684,1616,Rami Yacoub,Savan Kotecha
Lady GaGa,Born This Way,"Synth-pop, Dance-pop, Heavy metal, Disco, House, Rock and roll",Interscope Records,English,0.010827,10674,"Lady Gaga, Fernando Garibay, RedOne","Lady Gaga, Jeppe Laursen"
Rihanna,S&M,"Dance-pop, Hi-NRG, Eurodance","Def Jam, SRP",English,0.001312,1232,"Stargate, Sandy Vee",Ester Dean
Khalid,Better,"R&B, Pop","Right Hand Music Group, RCA Records",English,0.002689,2570,"Charlie Handsome, Digi, Denis Kosiak","Khalid, Denis Kosiak, Jamil Chammas, Ryan Vojtesak"
Ellie Goulding,Lights,"Synth-pop, Indie pop",Polydor Records,English,0.001716,1627,"Richard Stannard, Ash Howes","Ellie Goulding, Richard Stannard, Ash Howes"
"DJ Khaled, Justin Bieber, Quavo, Chance The Rapper & Lil' Wayne",I'm The One,Hip Hop,Unknown,English,0.001265,1193,"T-Minus, Nikhil S., Noah '40' Shebib",Unknown
Swedish House Mafia & John Martin,Don't You Worry Child,Progressive House,Republic,English,0.001241,1158,"Axwell, Steve Angello, Sebastian Ingrosso","Axwell, Steve Angello, Sebastian Ingrosso, John Martin"
Twenty One Pilots,Ride,"Alternative hip hop, Indie pop, Electropop",Fueled by Ramen,English,0.003741,3638,Mike Elizondo,"Tyler Joseph, Mike Elizondo"
